metric,value
expected_profit,98000.0
precision,0.8653846153846154
recall,0.9574468085106383
f1,0.9090909090909091
tp,45.0
fp,7.0
tn,48.0
fn,2.0
